[
{
  "fields": {
    "initiative_submission_closing_date": null,
    "abstract_submission_closing_date": null,
    "twitter": "StudentsofKSAUH",
    "official_name": "Foundations of Clinical Research 2016",
    "receives_abstract_submission": false,
    "english_name": "",
    "oral_certificate_template": null,
    "is_on_telegram": false,
    "notification_email": "",
    "initiative_submission_opening_date": null,
    "location_url": "",
    "city": "",
    "registration_team": null,
    "registration_opening_date": null,
    "evaluators_per_abstract": 2,
    "receives_initiative_submission": false,
    "event_certificate_template": null,
    "abstract_revision_team": null,
    "start_date": "2016-04-11",
    "sends_badges_automatically": false,
    "is_auto_tweet": true,
    "end_date": "2016-04-13",
    "twitter_event_name": "",
    "onsite_after": null,
    "attendance_team": null,
    "is_official_name_english": true,
    "code_name": "focr2016",
    "hashtag": "",
    "has_attendance": false,
    "coauthor_certificate_template": null,
    "url": "",
    "organizing_team": 9,
    "priorities": 2,
    "poster_certificate_template": null,
    "abstract_submission_instruction_url": "",
    "registration_closing_date": null,
    "abstract_submission_opening_date": null
  },
  "model": "events.event",
  "pk": 1
},
{
  "fields": {
    "initiative_submission_closing_date": null,
    "abstract_submission_closing_date": null,
    "twitter": "StudentsofKSAUH",
    "official_name": "\u062f\u0648\u0631\u0629 \u0635\u0646\u0627\u0639\u0629 \u0627\u0644\u0646\u062c\u0627\u062d \u0641\u064a \u062d\u064a\u0627\u0629 \u0627\u0644\u0645\u0645\u0627\u0631\u0633 \u0627\u0644\u0635\u062d\u064a",
    "receives_abstract_submission": false,
    "english_name": "",
    "oral_certificate_template": null,
    "is_on_telegram": false,
    "notification_email": "",
    "initiative_submission_opening_date": null,
    "location_url": "",
    "city": "",
    "registration_team": null,
    "registration_opening_date": null,
    "evaluators_per_abstract": 2,
    "receives_initiative_submission": false,
    "event_certificate_template": null,
    "abstract_revision_team": null,
    "start_date": "2016-04-19",
    "sends_badges_automatically": false,
    "is_auto_tweet": true,
    "end_date": "2016-04-19",
    "twitter_event_name": "",
    "onsite_after": null,
    "attendance_team": null,
    "is_official_name_english": true,
    "code_name": "sfhcw2016",
    "hashtag": "",
    "has_attendance": false,
    "coauthor_certificate_template": null,
    "url": "",
    "organizing_team": 8,
    "priorities": 1,
    "poster_certificate_template": null,
    "abstract_submission_instruction_url": "",
    "registration_closing_date": null,
    "abstract_submission_opening_date": null
  },
  "model": "events.event",
  "pk": 2
},
{
  "fields": {
    "initiative_submission_closing_date": null,
    "abstract_submission_closing_date": "2017-02-28T21:00:00Z",
    "twitter": "KSAU_Events",
    "official_name": "\u0645\u0624\u062a\u0645\u0631 \u0627\u0644\u062a\u062e\u0635\u0635\u0627\u062a \u0627\u0644\u0635\u062d\u064a\u0629 \u0627\u0644\u062b\u0627\u0646\u064a - \u0627\u0644\u0631\u064a\u0627\u0636",
    "receives_abstract_submission": true,
    "english_name": "2nd Health Profession Conference - \u0650Riyadh",
    "oral_certificate_template": null,
    "is_on_telegram": true,
    "notification_email": "",
    "initiative_submission_opening_date": null,
    "location_url": "",
    "city": "",
    "registration_team": 22,
    "registration_opening_date": null,
    "evaluators_per_abstract": 2,
    "receives_initiative_submission": false,
    "event_certificate_template": null,
    "abstract_revision_team": 16,
    "start_date": "2017-04-23",
    "sends_badges_automatically": false,
    "is_auto_tweet": true,
    "end_date": "2017-04-25",
    "twitter_event_name": "",
    "onsite_after": null,
    "attendance_team": 19,
    "is_official_name_english": true,
    "code_name": "hpc2-r",
    "hashtag": "",
    "has_attendance": false,
    "coauthor_certificate_template": null,
    "url": "",
    "organizing_team": 10,
    "priorities": 1,
    "poster_certificate_template": null,
    "abstract_submission_instruction_url": "https://hpc.enjazportal.com/research/",
    "registration_closing_date": null,
    "abstract_submission_opening_date": "2016-12-31T21:00:00Z"
  },
  "model": "events.event",
  "pk": 3
},
{
  "fields": {
    "initiative_submission_closing_date": null,
    "abstract_submission_closing_date": "2017-02-28T21:00:00Z",
    "twitter": "KSAU_Events",
    "official_name": "\u0645\u0624\u062a\u0645\u0631 \u0627\u0644\u062a\u062e\u0635\u0635\u0627\u062a \u0627\u0644\u0635\u062d\u064a\u0629 \u0627\u0644\u062b\u0627\u0646\u064a - \u062c\u062f\u0629",
    "receives_abstract_submission": true,
    "english_name": "2nd Health Profession Conference - Jeddah",
    "oral_certificate_template": null,
    "is_on_telegram": true,
    "notification_email": "",
    "initiative_submission_opening_date": null,
    "location_url": "",
    "city": "",
    "registration_team": 23,
    "registration_opening_date": null,
    "evaluators_per_abstract": 2,
    "receives_initiative_submission": false,
    "event_certificate_template": null,
    "abstract_revision_team": 17,
    "start_date": "2017-04-23",
    "sends_badges_automatically": false,
    "is_auto_tweet": true,
    "end_date": "2017-04-25",
    "twitter_event_name": "",
    "onsite_after": null,
    "attendance_team": 20,
    "is_official_name_english": true,
    "code_name": "hpc2-j",
    "hashtag": "",
    "has_attendance": false,
    "coauthor_certificate_template": null,
    "url": "",
    "organizing_team": 11,
    "priorities": 1,
    "poster_certificate_template": null,
    "abstract_submission_instruction_url": "https://hpc.enjazportal.com/research/",
    "registration_closing_date": null,
    "abstract_submission_opening_date": "2016-12-31T21:00:00Z"
  },
  "model": "events.event",
  "pk": 4
},
{
  "fields": {
    "initiative_submission_closing_date": null,
    "abstract_submission_closing_date": "2017-02-28T21:00:00Z",
    "twitter": "KSAU_Events",
    "official_name": "\u0645\u0624\u062a\u0645\u0631 \u0627\u0644\u062a\u062e\u0635\u0635\u0627\u062a \u0627\u0644\u0635\u062d\u064a\u0629 \u0627\u0644\u062b\u0627\u0646\u064a - \u0627\u0644\u0623\u062d\u0633\u0627\u0621",
    "receives_abstract_submission": true,
    "english_name": "2nd Health Profession Conference - \u0650\u0650Al-Ahsa",
    "oral_certificate_template": null,
    "is_on_telegram": true,
    "notification_email": "",
    "initiative_submission_opening_date": null,
    "location_url": "",
    "city": "",
    "registration_team": 24,
    "registration_opening_date": null,
    "evaluators_per_abstract": 2,
    "receives_initiative_submission": false,
    "event_certificate_template": null,
    "abstract_revision_team": 18,
    "start_date": "2017-04-23",
    "sends_badges_automatically": false,
    "is_auto_tweet": true,
    "end_date": "2017-04-25",
    "twitter_event_name": "",
    "onsite_after": null,
    "attendance_team": 21,
    "is_official_name_english": true,
    "code_name": "hpc2-a",
    "hashtag": "",
    "has_attendance": false,
    "coauthor_certificate_template": null,
    "url": "",
    "organizing_team": 12,
    "priorities": 1,
    "poster_certificate_template": null,
    "abstract_submission_instruction_url": "https://hpc.enjazportal.com/research/",
    "registration_closing_date": null,
    "abstract_submission_opening_date": "2016-12-31T21:00:00Z"
  },
  "model": "events.event",
  "pk": 5
},
{
  "fields": {
    "initiative_submission_closing_date": null,
    "abstract_submission_closing_date": null,
    "twitter": "KSAU_Events",
    "official_name": "\u0627\u0644\u0628\u0631\u0646\u0627\u0645\u062c \u0627\u0644\u062b\u0642\u0627\u0641\u064a",
    "receives_abstract_submission": false,
    "english_name": "Culutre Program - Riyadh",
    "oral_certificate_template": null,
    "is_on_telegram": true,
    "notification_email": "",
    "initiative_submission_opening_date": null,
    "location_url": "",
    "city": "",
    "registration_team": null,
    "registration_opening_date": null,
    "evaluators_per_abstract": 2,
    "receives_initiative_submission": false,
    "event_certificate_template": null,
    "abstract_revision_team": null,
    "start_date": "2017-02-28",
    "sends_badges_automatically": false,
    "is_auto_tweet": true,
    "end_date": "2017-03-02",
    "twitter_event_name": "",
    "onsite_after": null,
    "attendance_team": null,
    "is_official_name_english": false,
    "code_name": "cp5-r",
    "hashtag": "",
    "has_attendance": false,
    "coauthor_certificate_template": null,
    "url": "",
    "organizing_team": 13,
    "priorities": 1,
    "poster_certificate_template": null,
    "abstract_submission_instruction_url": "",
    "registration_closing_date": null,
    "abstract_submission_opening_date": null
  },
  "model": "events.event",
  "pk": 6
},
{
  "fields": {
    "initiative_submission_closing_date": null,
    "abstract_submission_closing_date": null,
    "twitter": "KSAU_Events",
    "official_name": "\u0627\u0644\u0628\u0631\u0646\u0627\u0645\u062c \u0627\u0644\u062b\u0642\u0627\u0641\u064a",
    "receives_abstract_submission": false,
    "english_name": "Culutre Program - Jeddah",
    "oral_certificate_template": null,
    "is_on_telegram": true,
    "notification_email": "",
    "initiative_submission_opening_date": null,
    "location_url": "",
    "city": "",
    "registration_team": null,
    "registration_opening_date": null,
    "evaluators_per_abstract": 2,
    "receives_initiative_submission": false,
    "event_certificate_template": null,
    "abstract_revision_team": null,
    "start_date": "2017-02-28",
    "sends_badges_automatically": false,
    "is_auto_tweet": true,
    "end_date": "2017-03-02",
    "twitter_event_name": "",
    "onsite_after": null,
    "attendance_team": null,
    "is_official_name_english": false,
    "code_name": "cp5-j",
    "hashtag": "",
    "has_attendance": false,
    "coauthor_certificate_template": null,
    "url": "",
    "organizing_team": 14,
    "priorities": 1,
    "poster_certificate_template": null,
    "abstract_submission_instruction_url": "",
    "registration_closing_date": null,
    "abstract_submission_opening_date": null
  },
  "model": "events.event",
  "pk": 7
},
{
  "fields": {
    "initiative_submission_closing_date": null,
    "abstract_submission_closing_date": null,
    "twitter": "KSAU_Events",
    "official_name": "\u0627\u0644\u0628\u0631\u0646\u0627\u0645\u062c \u0627\u0644\u062b\u0642\u0627\u0641\u064a",
    "receives_abstract_submission": false,
    "english_name": "Culutre Program - Alahsa",
    "oral_certificate_template": null,
    "is_on_telegram": true,
    "notification_email": "",
    "initiative_submission_opening_date": null,
    "location_url": "",
    "city": "",
    "registration_team": null,
    "registration_opening_date": null,
    "evaluators_per_abstract": 2,
    "receives_initiative_submission": false,
    "event_certificate_template": null,
    "abstract_revision_team": null,
    "start_date": "2017-02-28",
    "sends_badges_automatically": false,
    "is_auto_tweet": true,
    "end_date": "2017-03-02",
    "twitter_event_name": "",
    "onsite_after": null,
    "attendance_team": null,
    "is_official_name_english": false,
    "code_name": "cp5-a",
    "hashtag": "",
    "has_attendance": false,
    "coauthor_certificate_template": null,
    "url": "",
    "organizing_team": 15,
    "priorities": 1,
    "poster_certificate_template": null,
    "abstract_submission_instruction_url": "",
    "registration_closing_date": null,
    "abstract_submission_opening_date": null
  },
  "model": "events.event",
  "pk": 8
},
{
  "fields": {
    "date_edited": "2017-12-14T19:36:46.871Z",
    "date_submitted": "2017-12-14T19:36:46.871Z",
    "name": "\u0627\u0644\u0628\u0631\u0627\u0645\u062c \u0627\u0644\u0639\u0627\u0645\u0629",
    "event": 3
  },
  "model": "events.timeslot",
  "pk": 1
},
{
  "fields": {
    "date_edited": "2017-12-14T19:36:46.882Z",
    "date_submitted": "2017-12-14T19:36:46.882Z",
    "name": "\u0627\u0644\u0628\u0631\u0627\u0645\u062c \u0627\u0644\u0639\u0627\u0645\u0629",
    "event": 4
  },
  "model": "events.timeslot",
  "pk": 2
},
{
  "fields": {
    "date_edited": "2017-12-14T19:36:46.885Z",
    "date_submitted": "2017-12-14T19:36:46.885Z",
    "name": "\u0627\u0644\u0628\u0631\u0627\u0645\u062c \u0627\u0644\u0639\u0627\u0645\u0629",
    "event": 5
  },
  "model": "events.timeslot",
  "pk": 3
},
{
  "fields": {
    "date_edited": "2017-12-14T19:37:01.077Z",
    "date_submitted": "2017-12-14T19:37:01.077Z",
    "name": "\u0648\u0631\u0634 \u0639\u0645\u0644 \u0627\u0644\u064a\u0648\u0645 \u0627\u0644\u0623\u0648\u0644",
    "event": 3
  },
  "model": "events.timeslot",
  "pk": 4
},
{
  "fields": {
    "date_edited": "2017-12-14T19:37:01.097Z",
    "date_submitted": "2017-12-14T19:37:01.097Z",
    "name": "\u0648\u0631\u0634 \u0639\u0645\u0644 \u0627\u0644\u064a\u0648\u0645 \u0627\u0644\u062b\u0627\u0646\u064a",
    "event": 3
  },
  "model": "events.timeslot",
  "pk": 5
},
{
  "fields": {
    "date_edited": "2017-12-14T19:37:01.110Z",
    "date_submitted": "2017-12-14T19:37:01.110Z",
    "name": "\u0648\u0631\u0634 \u0639\u0645\u0644 \u0627\u0644\u064a\u0648\u0645 \u0627\u0644\u062b\u0627\u0644\u062b",
    "event": 3
  },
  "model": "events.timeslot",
  "pk": 6
},
{
  "fields": {
    "description": "",
    "title": "\u0645\u062d\u0627\u0636\u0631\u0627\u062a \u0627\u0644\u0628\u0631\u0646\u0627\u0645\u062c \u0627\u0644\u062b\u0642\u0627\u0641\u064a \u0627\u0644\u062e\u0627\u0645\u0633",
    "sessions": [
      10,
      11,
      12,
      13,
      14
    ],
    "background": "",
    "code_name": "lectures",
    "is_limited_to_one": false,
    "event": 6
  },
  "model": "events.sessiongroup",
  "pk": 1
},
{
  "fields": {
    "description": "",
    "title": "\u0648\u0631\u0634 \u0639\u0645\u0644 \u0627\u0644\u0628\u0631\u0646\u0627\u0645\u062c \u0627\u0644\u062b\u0642\u0627\u0641\u064a \u0627\u0644\u062e\u0627\u0645\u0633",
    "sessions": [
      15,
      16,
      17,
      18
    ],
    "background": "",
    "code_name": "workshops",
    "is_limited_to_one": true,
    "event": 6
  },
  "model": "events.sessiongroup",
  "pk": 2
},
{
  "fields": {
    "certificate_template": null,
    "optional_survey": null,
    "start_time": null,
    "name": "\u0627\u0644\u0628\u0631\u0646\u0627\u0645\u062c \u0627\u0644\u0639\u0627\u0645",
    "for_onsite_registration": false,
    "gender": "",
    "vma_id": null,
    "date_submitted": "2017-12-14T19:35:00.137Z",
    "mandatory_survey": null,
    "vma_time_code": null,
    "end_time": null,
    "limit": null,
    "location": "",
    "code_name": "main",
    "date": null,
    "time_slot": null,
    "event": 1,
    "acceptance_method": "",
    "description": ""
  },
  "model": "events.session",
  "pk": 1
},
{
  "fields": {
    "certificate_template": null,
    "optional_survey": null,
    "start_time": null,
    "name": "Data collection, management, and handling: Be a smart data manager",
    "for_onsite_registration": false,
    "gender": "",
    "vma_id": null,
    "date_submitted": "2017-12-14T19:35:00.143Z",
    "mandatory_survey": null,
    "vma_time_code": null,
    "end_time": null,
    "limit": null,
    "location": "",
    "code_name": "",
    "date": "2016-04-13",
    "time_slot": null,
    "event": 1,
    "acceptance_method": "",
    "description": ""
  },
  "model": "events.session",
  "pk": 2
},
{
  "fields": {
    "certificate_template": null,
    "optional_survey": null,
    "start_time": null,
    "name": "Literature review and research question",
    "for_onsite_registration": false,
    "gender": "",
    "vma_id": null,
    "date_submitted": "2017-12-14T19:35:00.145Z",
    "mandatory_survey": null,
    "vma_time_code": null,
    "end_time": null,
    "limit": null,
    "location": "",
    "code_name": "",
    "date": "2016-04-13",
    "time_slot": null,
    "event": 1,
    "acceptance_method": "",
    "description": ""
  },
  "model": "events.session",
  "pk": 3
},
{
  "fields": {
    "certificate_template": null,
    "optional_survey": null,
    "start_time": null,
    "name": "Master Questionnaire from Developing to Response Rates",
    "for_onsite_registration": false,
    "gender": "",
    "vma_id": null,
    "date_submitted": "2017-12-14T19:35:00.151Z",
    "mandatory_survey": null,
    "vma_time_code": null,
    "end_time": null,
    "limit": null,
    "location": "",
    "code_name": "",
    "date": "2016-04-13",
    "time_slot": null,
    "event": 1,
    "acceptance_method": "",
    "description": ""
  },
  "model": "events.session",
  "pk": 4
},
{
  "fields": {
    "certificate_template": null,
    "optional_survey": null,
    "start_time": null,
    "name": "Scientific Writing",
    "for_onsite_registration": false,
    "gender": "",
    "vma_id": null,
    "date_submitted": "2017-12-14T19:35:00.153Z",
    "mandatory_survey": null,
    "vma_time_code": null,
    "end_time": null,
    "limit": null,
    "location": "",
    "code_name": "",
    "date": "2016-04-13",
    "time_slot": null,
    "event": 1,
    "acceptance_method": "",
    "description": ""
  },
  "model": "events.session",
  "pk": 5
},
{
  "fields": {
    "certificate_template": null,
    "optional_survey": null,
    "start_time": null,
    "name": "Translational Research: From the Clinic to the Bench",
    "for_onsite_registration": false,
    "gender": "",
    "vma_id": null,
    "date_submitted": "2017-12-14T19:35:00.158Z",
    "mandatory_survey": null,
    "vma_time_code": null,
    "end_time": null,
    "limit": null,
    "location": "",
    "code_name": "",
    "date": "2016-04-13",
    "time_slot": null,
    "event": 1,
    "acceptance_method": "",
    "description": ""
  },
  "model": "events.session",
  "pk": 6
},
{
  "fields": {
    "certificate_template": null,
    "optional_survey": null,
    "start_time": null,
    "name": "Qualitative Research,Interviews and focused group",
    "for_onsite_registration": false,
    "gender": "",
    "vma_id": null,
    "date_submitted": "2017-12-14T19:35:02.166Z",
    "mandatory_survey": null,
    "vma_time_code": null,
    "end_time": null,
    "limit": null,
    "location": "",
    "code_name": "",
    "date": "2016-04-13",
    "time_slot": null,
    "event": 1,
    "acceptance_method": "",
    "description": ""
  },
  "model": "events.session",
  "pk": 7
},
{
  "fields": {
    "certificate_template": null,
    "optional_survey": null,
    "start_time": null,
    "name": "\u0627\u0644\u062f\u0648\u0631\u0629 \u0627\u0644\u0631\u0626\u064a\u0633\u064a\u0629",
    "for_onsite_registration": false,
    "gender": "",
    "vma_id": null,
    "date_submitted": "2017-12-14T19:35:02.721Z",
    "mandatory_survey": null,
    "vma_time_code": null,
    "end_time": null,
    "limit": null,
    "location": "",
    "code_name": "main",
    "date": null,
    "time_slot": null,
    "event": 2,
    "acceptance_method": "",
    "description": ""
  },
  "model": "events.session",
  "pk": 9
},
{
  "fields": {
    "certificate_template": null,
    "optional_survey": null,
    "start_time": null,
    "name": "\u0623\u0635\u0628\u0648\u062d\u0629 \u0634\u0639\u0631\u064a\u0629",
    "for_onsite_registration": false,
    "gender": "",
    "vma_id": null,
    "date_submitted": "2017-12-14T19:36:41.650Z",
    "mandatory_survey": null,
    "vma_time_code": null,
    "end_time": null,
    "limit": null,
    "location": "",
    "code_name": "",
    "date": "2017-02-28",
    "time_slot": null,
    "event": 6,
    "acceptance_method": "F",
    "description": ""
  },
  "model": "events.session",
  "pk": 10
},
{
  "fields": {
    "certificate_template": null,
    "optional_survey": null,
    "start_time": null,
    "name": "\u0627\u0644\u0627\u062e\u062a\u0644\u0627\u0641 \u0645\u0639 \u0627\u0644\u0646\u0633\u0642",
    "for_onsite_registration": false,
    "gender": "",
    "vma_id": null,
    "date_submitted": "2017-12-14T19:36:41.662Z",
    "mandatory_survey": null,
    "vma_time_code": null,
    "end_time": null,
    "limit": null,
    "location": "",
    "code_name": "",
    "date": "2017-02-28",
    "time_slot": null,
    "event": 6,
    "acceptance_method": "F",
    "description": ""
  },
  "model": "events.session",
  "pk": 11
},
{
  "fields": {
    "certificate_template": null,
    "optional_survey": null,
    "start_time": null,
    "name": "\u0643\u064a\u0641 \u062a\u062e\u0631\u062c \u0645\u0646 \u0627\u0644\u0635\u062f\u0641\u0629",
    "for_onsite_registration": false,
    "gender": "",
    "vma_id": null,
    "date_submitted": "2017-12-14T19:36:41.670Z",
    "mandatory_survey": null,
    "vma_time_code": null,
    "end_time": null,
    "limit": null,
    "location": "",
    "code_name": "",
    "date": "2017-03-01",
    "time_slot": null,
    "event": 6,
    "acceptance_method": "F",
    "description": ""
  },
  "model": "events.session",
  "pk": 12
},
{
  "fields": {
    "certificate_template": null,
    "optional_survey": null,
    "start_time": null,
    "name": "\u0627\u0644\u062a\u0641\u0643\u064a\u0631 \u0627\u0644\u0625\u0628\u062f\u0627\u0639\u064a",
    "for_onsite_registration": false,
    "gender": "",
    "vma_id": null,
    "date_submitted": "2017-12-14T19:36:41.678Z",
    "mandatory_survey": null,
    "vma_time_code": null,
    "end_time": null,
    "limit": null,
    "location": "",
    "code_name": "",
    "date": "2017-03-01",
    "time_slot": null,
    "event": 6,
    "acceptance_method": "F",
    "description": ""
  },
  "model": "events.session",
  "pk": 13
},
{
  "fields": {
    "certificate_template": null,
    "optional_survey": null,
    "start_time": null,
    "name": "\u0633\u0631 \u0627\u0644\u0625\u0628\u062f\u0627\u0639",
    "for_onsite_registration": false,
    "gender": "",
    "vma_id": null,
    "date_submitted": "2017-12-14T19:36:41.683Z",
    "mandatory_survey": null,
    "vma_time_code": null,
    "end_time": null,
    "limit": null,
    "location": "",
    "code_name": "",
    "date": "2017-03-01",
    "time_slot": null,
    "event": 6,
    "acceptance_method": "F",
    "description": ""
  },
  "model": "events.session",
  "pk": 14
},
{
  "fields": {
    "certificate_template": null,
    "optional_survey": null,
    "start_time": null,
    "name": "\u0633\u0643\u0627\u0645\u0628\u0631\u060c \u0637\u0631\u0642 \u0648\u0648\u0633\u0627\u0626\u0644 \u0627\u0644\u0625\u0628\u062f\u0627\u0639",
    "for_onsite_registration": false,
    "gender": "",
    "vma_id": null,
    "date_submitted": "2017-12-14T19:36:41.688Z",
    "mandatory_survey": null,
    "vma_time_code": null,
    "end_time": null,
    "limit": 50,
    "location": "",
    "code_name": "",
    "date": "2017-02-28",
    "time_slot": null,
    "event": 6,
    "acceptance_method": "F",
    "description": ""
  },
  "model": "events.session",
  "pk": 15
},
{
  "fields": {
    "certificate_template": null,
    "optional_survey": null,
    "start_time": null,
    "name": "\u062a\u0645\u0627\u0631\u064a\u0646 \u0648\u062a\u0637\u0628\u064a\u0642\u0627\u062a \u0644\u062a\u0646\u0645\u064a\u0629 \u0627\u0644\u0625\u0628\u062f\u0627\u0639",
    "for_onsite_registration": false,
    "gender": "",
    "vma_id": null,
    "date_submitted": "2017-12-14T19:36:41.693Z",
    "mandatory_survey": null,
    "vma_time_code": null,
    "end_time": null,
    "limit": 50,
    "location": "",
    "code_name": "",
    "date": "2017-02-28",
    "time_slot": null,
    "event": 6,
    "acceptance_method": "F",
    "description": ""
  },
  "model": "events.session",
  "pk": 16
},
{
  "fields": {
    "certificate_template": null,
    "optional_survey": null,
    "start_time": null,
    "name": "\u062a\u062c\u0633\u064a\u062f \u0623\u0641\u0643\u0627\u0631 \u0645\u0646\u062a\u062c\u0627\u062a \u0628\u0627\u0633\u062a\u062e\u062f\u0627\u0645 \u0627\u0644\u0644\u064a\u0642\u0648",
    "for_onsite_registration": false,
    "gender": "",
    "vma_id": null,
    "date_submitted": "2017-12-14T19:36:41.698Z",
    "mandatory_survey": null,
    "vma_time_code": null,
    "end_time": null,
    "limit": 50,
    "location": "",
    "code_name": "",
    "date": "2017-03-01",
    "time_slot": null,
    "event": 6,
    "acceptance_method": "F",
    "description": ""
  },
  "model": "events.session",
  "pk": 17
},
{
  "fields": {
    "certificate_template": null,
    "optional_survey": null,
    "start_time": null,
    "name": "\u0635\u0646\u0627\u0639\u0629 \u0627\u0644\u0641\u0643\u0631\u0629 \u0627\u0644\u0625\u0628\u062f\u0627\u0639\u064a\u0629",
    "for_onsite_registration": false,
    "gender": "",
    "vma_id": null,
    "date_submitted": "2017-12-14T19:36:41.703Z",
    "mandatory_survey": null,
    "vma_time_code": null,
    "end_time": null,
    "limit": 50,
    "location": "",
    "code_name": "",
    "date": "2017-03-01",
    "time_slot": null,
    "event": 6,
    "acceptance_method": "F",
    "description": ""
  },
  "model": "events.session",
  "pk": 18
},
{
  "fields": {
    "certificate_template": null,
    "optional_survey": null,
    "start_time": null,
    "name": "\u0627\u0644\u0628\u0631\u0646\u0627\u0645\u062c \u0627\u0644\u0639\u0627\u0645",
    "for_onsite_registration": false,
    "gender": "",
    "vma_id": null,
    "date_submitted": "2017-12-14T19:36:46.880Z",
    "mandatory_survey": null,
    "vma_time_code": null,
    "end_time": null,
    "limit": null,
    "location": "",
    "code_name": "",
    "date": null,
    "time_slot": 1,
    "event": 3,
    "acceptance_method": "F",
    "description": ""
  },
  "model": "events.session",
  "pk": 19
},
{
  "fields": {
    "certificate_template": null,
    "optional_survey": null,
    "start_time": null,
    "name": "\u0627\u0644\u0628\u0631\u0646\u0627\u0645\u062c \u0627\u0644\u0639\u0627\u0645",
    "for_onsite_registration": false,
    "gender": "",
    "vma_id": null,
    "date_submitted": "2017-12-14T19:36:46.884Z",
    "mandatory_survey": null,
    "vma_time_code": null,
    "end_time": null,
    "limit": null,
    "location": "",
    "code_name": "",
    "date": null,
    "time_slot": 2,
    "event": 4,
    "acceptance_method": "F",
    "description": ""
  },
  "model": "events.session",
  "pk": 20
},
{
  "fields": {
    "certificate_template": null,
    "optional_survey": null,
    "start_time": null,
    "name": "\u0627\u0644\u0628\u0631\u0646\u0627\u0645\u062c \u0627\u0644\u0639\u0627\u0645",
    "for_onsite_registration": false,
    "gender": "",
    "vma_id": null,
    "date_submitted": "2017-12-14T19:36:46.887Z",
    "mandatory_survey": null,
    "vma_time_code": null,
    "end_time": null,
    "limit": null,
    "location": "",
    "code_name": "",
    "date": null,
    "time_slot": 3,
    "event": 5,
    "acceptance_method": "F",
    "description": ""
  },
  "model": "events.session",
  "pk": 21
},
{
  "fields": {
    "certificate_template": null,
    "optional_survey": null,
    "start_time": null,
    "name": "Getting out of the Box: Volunteering in the Medical Field",
    "for_onsite_registration": false,
    "gender": "",
    "vma_id": null,
    "date_submitted": "2017-12-14T19:37:01.084Z",
    "mandatory_survey": null,
    "vma_time_code": null,
    "end_time": null,
    "limit": null,
    "location": "",
    "code_name": "",
    "date": null,
    "time_slot": 4,
    "event": 3,
    "acceptance_method": "M",
    "description": ""
  },
  "model": "events.session",
  "pk": 22
},
{
  "fields": {
    "certificate_template": null,
    "optional_survey": null,
    "start_time": null,
    "name": "Work Place Dynamics: Self Awareness & Professional Success",
    "for_onsite_registration": false,
    "gender": "",
    "vma_id": null,
    "date_submitted": "2017-12-14T19:37:01.087Z",
    "mandatory_survey": null,
    "vma_time_code": null,
    "end_time": null,
    "limit": null,
    "location": "",
    "code_name": "",
    "date": null,
    "time_slot": 4,
    "event": 3,
    "acceptance_method": "M",
    "description": ""
  },
  "model": "events.session",
  "pk": 23
},
{
  "fields": {
    "certificate_template": null,
    "optional_survey": null,
    "start_time": null,
    "name": "The Art of Converting Great Ideas Into Reality",
    "for_onsite_registration": false,
    "gender": "",
    "vma_id": null,
    "date_submitted": "2017-12-14T19:37:01.089Z",
    "mandatory_survey": null,
    "vma_time_code": null,
    "end_time": null,
    "limit": null,
    "location": "",
    "code_name": "",
    "date": null,
    "time_slot": 4,
    "event": 3,
    "acceptance_method": "M",
    "description": ""
  },
  "model": "events.session",
  "pk": 24
},
{
  "fields": {
    "certificate_template": null,
    "optional_survey": null,
    "start_time": null,
    "name": "How to Pass an Interview & Write your CV",
    "for_onsite_registration": false,
    "gender": "",
    "vma_id": null,
    "date_submitted": "2017-12-14T19:37:01.091Z",
    "mandatory_survey": null,
    "vma_time_code": null,
    "end_time": null,
    "limit": null,
    "location": "",
    "code_name": "",
    "date": null,
    "time_slot": 4,
    "event": 3,
    "acceptance_method": "M",
    "description": ""
  },
  "model": "events.session",
  "pk": 25
},
{
  "fields": {
    "certificate_template": null,
    "optional_survey": null,
    "start_time": null,
    "name": "Public Speaking & Presentation Skills",
    "for_onsite_registration": false,
    "gender": "",
    "vma_id": null,
    "date_submitted": "2017-12-14T19:37:01.093Z",
    "mandatory_survey": null,
    "vma_time_code": null,
    "end_time": null,
    "limit": null,
    "location": "",
    "code_name": "",
    "date": null,
    "time_slot": 4,
    "event": 3,
    "acceptance_method": "M",
    "description": ""
  },
  "model": "events.session",
  "pk": 26
},
{
  "fields": {
    "certificate_template": null,
    "optional_survey": null,
    "start_time": null,
    "name": "MBTI Coarse \u2013 Part 1 & Part 1 (Two Days)",
    "for_onsite_registration": false,
    "gender": "",
    "vma_id": null,
    "date_submitted": "2017-12-14T19:37:01.095Z",
    "mandatory_survey": null,
    "vma_time_code": null,
    "end_time": null,
    "limit": null,
    "location": "",
    "code_name": "",
    "date": null,
    "time_slot": 4,
    "event": 3,
    "acceptance_method": "M",
    "description": ""
  },
  "model": "events.session",
  "pk": 27
},
{
  "fields": {
    "certificate_template": null,
    "optional_survey": null,
    "start_time": null,
    "name": "Proper Literature Review & How to Make up a Research Question",
    "for_onsite_registration": false,
    "gender": "",
    "vma_id": null,
    "date_submitted": "2017-12-14T19:37:01.099Z",
    "mandatory_survey": null,
    "vma_time_code": null,
    "end_time": null,
    "limit": null,
    "location": "",
    "code_name": "",
    "date": null,
    "time_slot": 5,
    "event": 3,
    "acceptance_method": "M",
    "description": ""
  },
  "model": "events.session",
  "pk": 28
},
{
  "fields": {
    "certificate_template": null,
    "optional_survey": null,
    "start_time": null,
    "name": "Steps to Write an Impactful Case Report",
    "for_onsite_registration": false,
    "gender": "",
    "vma_id": null,
    "date_submitted": "2017-12-14T19:37:01.101Z",
    "mandatory_survey": null,
    "vma_time_code": null,
    "end_time": null,
    "limit": null,
    "location": "",
    "code_name": "",
    "date": null,
    "time_slot": 5,
    "event": 3,
    "acceptance_method": "M",
    "description": ""
  },
  "model": "events.session",
  "pk": 29
},
{
  "fields": {
    "certificate_template": null,
    "optional_survey": null,
    "start_time": null,
    "name": "How to Develop your Questionnaire",
    "for_onsite_registration": false,
    "gender": "",
    "vma_id": null,
    "date_submitted": "2017-12-14T19:37:01.103Z",
    "mandatory_survey": null,
    "vma_time_code": null,
    "end_time": null,
    "limit": null,
    "location": "",
    "code_name": "",
    "date": null,
    "time_slot": 5,
    "event": 3,
    "acceptance_method": "M",
    "description": ""
  },
  "model": "events.session",
  "pk": 30
},
{
  "fields": {
    "certificate_template": null,
    "optional_survey": null,
    "start_time": null,
    "name": "Types of Study Designs & How to Choose One for your Study",
    "for_onsite_registration": false,
    "gender": "",
    "vma_id": null,
    "date_submitted": "2017-12-14T19:37:01.105Z",
    "mandatory_survey": null,
    "vma_time_code": null,
    "end_time": null,
    "limit": null,
    "location": "",
    "code_name": "",
    "date": null,
    "time_slot": 5,
    "event": 3,
    "acceptance_method": "M",
    "description": ""
  },
  "model": "events.session",
  "pk": 31
},
{
  "fields": {
    "certificate_template": null,
    "optional_survey": null,
    "start_time": null,
    "name": "How to Write all your Proposal Components",
    "for_onsite_registration": false,
    "gender": "",
    "vma_id": null,
    "date_submitted": "2017-12-14T19:37:01.107Z",
    "mandatory_survey": null,
    "vma_time_code": null,
    "end_time": null,
    "limit": null,
    "location": "",
    "code_name": "",
    "date": null,
    "time_slot": 5,
    "event": 3,
    "acceptance_method": "M",
    "description": ""
  },
  "model": "events.session",
  "pk": 32
},
{
  "fields": {
    "certificate_template": null,
    "optional_survey": null,
    "start_time": null,
    "name": "Scientific Writing: How to Write your Manuscript",
    "for_onsite_registration": false,
    "gender": "",
    "vma_id": null,
    "date_submitted": "2017-12-14T19:37:01.109Z",
    "mandatory_survey": null,
    "vma_time_code": null,
    "end_time": null,
    "limit": null,
    "location": "",
    "code_name": "",
    "date": null,
    "time_slot": 5,
    "event": 3,
    "acceptance_method": "M",
    "description": ""
  },
  "model": "events.session",
  "pk": 33
},
{
  "fields": {
    "certificate_template": null,
    "optional_survey": null,
    "start_time": null,
    "name": "Basic Medication Safety Course (Accredited with 5 CME hours)",
    "for_onsite_registration": false,
    "gender": "",
    "vma_id": null,
    "date_submitted": "2017-12-14T19:37:01.112Z",
    "mandatory_survey": null,
    "vma_time_code": null,
    "end_time": null,
    "limit": null,
    "location": "",
    "code_name": "",
    "date": null,
    "time_slot": 6,
    "event": 3,
    "acceptance_method": "M",
    "description": ""
  },
  "model": "events.session",
  "pk": 34
},
{
  "fields": {
    "certificate_template": null,
    "optional_survey": null,
    "start_time": null,
    "name": "Qualitative and Quantitive Data Analysis on SPSS",
    "for_onsite_registration": false,
    "gender": "",
    "vma_id": null,
    "date_submitted": "2017-12-14T19:37:01.115Z",
    "mandatory_survey": null,
    "vma_time_code": null,
    "end_time": null,
    "limit": null,
    "location": "",
    "code_name": "",
    "date": null,
    "time_slot": 6,
    "event": 3,
    "acceptance_method": "M",
    "description": ""
  },
  "model": "events.session",
  "pk": 35
},
{
  "fields": {
    "certificate_template": null,
    "optional_survey": null,
    "start_time": null,
    "name": "The principles of Bioethics",
    "for_onsite_registration": false,
    "gender": "",
    "vma_id": null,
    "date_submitted": "2017-12-14T19:37:01.117Z",
    "mandatory_survey": null,
    "vma_time_code": null,
    "end_time": null,
    "limit": null,
    "location": "",
    "code_name": "",
    "date": null,
    "time_slot": 6,
    "event": 3,
    "acceptance_method": "M",
    "description": ""
  },
  "model": "events.session",
  "pk": 36
},
{
  "fields": {
    "human_name": "Is the title of the abstract informative?",
    "events": [
      3,
      4,
      5
    ],
    "code_name": "hpc2-1",
    "instructions": ""
  },
  "model": "events.criterion",
  "pk": 11
},
{
  "fields": {
    "human_name": "Is the research aim clear?",
    "events": [
      3,
      4,
      5
    ],
    "code_name": "hpc2-2",
    "instructions": ""
  },
  "model": "events.criterion",
  "pk": 12
},
{
  "fields": {
    "human_name": "Does the introduction cover the topic of interest?",
    "events": [
      3,
      4,
      5
    ],
    "code_name": "hpc2-3",
    "instructions": ""
  },
  "model": "events.criterion",
  "pk": 13
},
{
  "fields": {
    "human_name": "Is the method appropriate and clear?",
    "events": [
      3,
      4,
      5
    ],
    "code_name": "hpc2-4",
    "instructions": ""
  },
  "model": "events.criterion",
  "pk": 14
},
{
  "fields": {
    "human_name": "Are the results clear?",
    "events": [
      3,
      4,
      5
    ],
    "code_name": "hpc2-5",
    "instructions": ""
  },
  "model": "events.criterion",
  "pk": 15
},
{
  "fields": {
    "human_name": "Does the conclusions highlight the main results and challenges?",
    "events": [
      3,
      4,
      5
    ],
    "code_name": "hpc2-6",
    "instructions": ""
  },
  "model": "events.criterion",
  "pk": 16
},
{
  "fields": {
    "human_name": "Was the level of English satisfactory?",
    "events": [
      3,
      4,
      5
    ],
    "code_name": "hpc2-7",
    "instructions": ""
  },
  "model": "events.criterion",
  "pk": 17
}
]
